{"precision": "0.999", "recall": "0.978", "f1_score": "0.989", "auc_roc": "0.996", "model_comparison": [{"name": "Light Gradient Boosting Machine", "precision": 1.0, "recall": 0.9793333333333333, "f1_score": 0.9895587739979791, "auc_roc": 0.9920537155555555, "cm": [[7500, 0], [155, 7345]]}, {"name": "Random Forest", "precision": 0.9994549666167053, "recall": 0.978, "f1_score": 0.9886110923916706, "auc_roc": 0.9959473955555556, "cm": [[7496, 4], [165, 7335]]}, {"name": "Extreme Gradient Boosting", "precision": 1.0, "recall": 0.9750666666666666, "f1_score": 0.9873759535543104, "auc_roc": 0.9921839733333333, "cm": [[7500, 0], [187, 7313]]}], "best_model": "Light Gradient Boosting Machine", "curves": {"thresholds": [0.0, 0.02, 0.04, 0.06, 0.08, 0.1, 0.12, 0.14, 0.16, 0.18, 0.2, 0.22, 0.24, 0.26, 0.28, 0.3, 0.32, 0.34, 0.36, 0.38, 0.4, 0.42, 0.45, 0.47, 0.49, 0.51, 0.53, 0.55, 0.57, 0.6, 0.62, 0.64, 0.66, 0.68, 0.7, 0.72, 0.74, 0.76, 0.78, 0.8, 0.82, 0.84, 0.86, 0.88, 0.9, 0.92, 0.94, 0.96, 0.98, 1.0], "recalls": [1.0, 0.9974666666666666, 0.996, 0.9944, 0.9932, 0.9918666666666667, 0.99, 0.9894666666666667, 0.988, 0.9865333333333334, 0.986, 0.9854666666666667, 0.9848, 0.984, 0.9837333333333333, 0.9832, 0.9826666666666667, 0.982, 0.9813333333333333, 0.9809333333333333, 0.9804, 0.98, 0.9797333333333333, 0.9794666666666667, 0.9788, 0.978, 0.9773333333333334, 0.9766666666666667, 0.9750666666666666, 0.9741333333333333, 0.9726666666666667, 0.9718666666666667, 0.9708, 0.9696, 0.9684, 0.9672, 0.9642666666666667, 0.9624, 0.9592, 0.9550666666666666, 0.9506666666666667, 0.944, 0.9366666666666666, 0.9269333333333334, 0.9137333333333333, 0.898, 0.8744, 0.8385333333333334, 0.7741333333333333, 0.6230666666666667], "f1_scores": [0.6666666666666666, 0.7638739980599376, 0.8406009114949643, 0.8926391382405745, 0.9220771182769079, 0.9421225937183384, 0.9562137797810688, 0.9661502408540555, 0.9726324079543218, 0.9777983348751156, 0.9813549200451197, 0.9826497374193978, 0.9848, 0.9859060850978559, 0.986825386210125, 0.9880745008709635, 0.9883993830885804, 0.9889224572004028, 0.9889814565976888, 0.9891764705882352, 0.9892371855240146, 0.9890997174000806, 0.9890967828779108, 0.989027263547627, 0.9889532534015897, 0.9886110923916707, 0.9883368165576756, 0.9879956838413811, 0.9871760259179265, 0.9867639113992437, 0.9860773181941064, 0.9856659905341446, 0.9851836817536025, 0.9845653939886272, 0.983946352367405, 0.98332655551037, 0.9818083084442032, 0.9808397880146759, 0.9791751735402205, 0.9770169815181067, 0.9747095010252904, 0.9711934156378601, 0.9672977624784854, 0.9620813728203709, 0.9549223158921479, 0.946259220231823, 0.9329918907383695, 0.9121763724708101, 0.872689012475575, 0.7677647252115337], "fpr": [0.0, 0.0, 0.0, 0.0, 0.0, 0.0, 0.0, 0.0, 0.0, 0.0, 0.0, 0.0, 0.0, 0.0, 0.0, 0.0, 0.0, 0.0, 0.00013333333333333334, 0.00013333333333333334, 0.0002666666666666667, 0.0004, 0.0004, 0.0005333333333333334, 0.0006666666666666666, 0.0009333333333333333, 0.0012, 0.0017333333333333333, 0.0018666666666666666, 0.0024, 0.0032, 0.004, 0.005733333333333333, 0.006933333333333333, 0.01, 0.012133333333333333, 0.013066666666666667, 0.017733333333333334, 0.0216, 0.0264, 0.03666666666666667, 0.051333333333333335, 0.06826666666666667, 0.08066666666666666, 0.11373333333333334, 0.16106666666666666, 0.2336, 0.3737333333333333, 0.6141333333333333, 1.0], "tpr": [0.0, 0.6230666666666667, 0.7741333333333333, 0.8385333333333334, 0.8744, 0.898, 0.9137333333333333, 0.9269333333333334, 0.9318666666666666, 0.944, 0.9506666666666667, 0.9550666666666666, 0.9592, 0.9624, 0.9656, 0.9672, 0.9688, 0.9708, 0.9718666666666667, 0.9733333333333334, 0.9746666666666667, 0.9761333333333333, 0.9772, 0.9778666666666667, 0.9784, 0.9793333333333333, 0.9796, 0.9802666666666666, 0.9804, 0.9809333333333333, 0.9813333333333333, 0.982, 0.9826666666666667, 0.9832, 0.9837333333333333, 0.984, 0.9845333333333334, 0.9849333333333333, 0.986, 0.9862666666666666, 0.9872, 0.9888, 0.9897333333333334, 0.99, 0.9918666666666667, 0.9932, 0.9944, 0.996, 0.9974666666666666, 1.0]}, "cm": [[7496, 4], [165, 7335]], "dist": {"before": [99000, 1000], "after": [50000, 50000]}, "df": {"shape": [100000, 7], "head": [{"TransactionID": 1, "TransactionDate": "2024-04-03 14:15:35.462794", "Amount": 4189.27, "MerchantID": 688, "TransactionType": "refund", "Location": "San Antonio", "IsFraud": 0}, {"TransactionID": 2, "TransactionDate": "2024-03-19 13:20:35.462824", "Amount": 2659.71, "MerchantID": 109, "TransactionType": "refund", "Location": "Dallas", "IsFraud": 0}, {"TransactionID": 3, "TransactionDate": "2024-01-08 10:08:35.462834", "Amount": 784.0, "MerchantID": 394, "TransactionType": "purchase", "Location": "New York", "IsFraud": 0}, {"TransactionID": 4, "TransactionDate": "2024-04-13 23:50:35.462850", "Amount": 3514.4, "MerchantID": 944, "TransactionType": "purchase", "Location": "Philadelphia", "IsFraud": 0}, {"TransactionID": 5, "TransactionDate": "2024-07-12 18:51:35.462858", "Amount": 369.07, "MerchantID": 475, "TransactionType": "purchase", "Location": "Phoenix", "IsFraud": 0}], "describe": [{"index": "count", "TransactionID": 100000.0, "Amount": 100000.0, "MerchantID": 100000.0, "IsFraud": 100000.0}, {"index": "mean", "TransactionID": 50000.5, "Amount": 2497.0926656, "MerchantID": 501.67607, "IsFraud": 0.01}, {"index": "std", "TransactionID": 28867.65779668774, "Amount": 1442.4159985963565, "MerchantID": 288.7158679184069, "IsFraud": 0.09949924120811178}, {"index": "min", "TransactionID": 1.0, "Amount": 1.05, "MerchantID": 1.0, "IsFraud": 0.0}, {"index": "25%", "TransactionID": 25000.75, "Amount": 1247.955, "MerchantID": 252.0, "IsFraud": 0.0}, {"index": "50%", "TransactionID": 50000.5, "Amount": 2496.5, "MerchantID": 503.0, "IsFraud": 0.0}, {"index": "75%", "TransactionID": 75000.25, "Amount": 3743.5925, "MerchantID": 753.0, "IsFraud": 0.0}, {"index": "max", "TransactionID": 100000.0, "Amount": 4999.77, "MerchantID": 1000.0, "IsFraud": 1.0}], "columns": ["TransactionID", "TransactionDate", "Amount", "MerchantID", "TransactionType", "Location", "IsFraud"]}}